id,first_name,last_name,email,gender,ip_address
1,Eustace,Gosker,egosker0@etsy.com,Male,171.86.34.204
2,Meggi,Burns,mburns1@columbia.edu,Female,62.204.187.249
3,Mohandis,Peevor,mpeevor2@wunderground.com,Male,114.112.147.198
4,Dallon,Sanney,dsanney3@smugmug.com,Male,2.76.148.149
5,Pattie,Hofer,phofer4@1und1.de,Male,194.117.23.105
6,Rochester,Bromet,rbromet5@google.ca,Male,151.26.199.95
7,Romonda,Cardinale,rcardinale6@nymag.com,Female,59.95.64.116
8,Berkie,Glisenan,bglisenan7@accuweather.com,Male,105.126.112.25
9,Dimitri,Belasco,dbelasco8@smh.com.au,Male,12.231.49.252
10,Jacklin,Trustram,jtrustram9@ask.com,Female,170.69.141.27
11,Laurie,Belson,lbelsona@msn.com,Female,83.0.40.252
12,Sibley,Tofanini,stofaninib@statcounter.com,Female,64.217.106.83
13,Darn,MacAloren,dmacalorenc@dropbox.com,Male,244.172.58.210
14,Bourke,Maultby,bmaultbyd@indiatimes.com,Male,236.52.82.143
15,Hasty,Wainscot,hwainscote@purevolume.com,Male,221.237.200.144
16,Gerrie,Guice,gguicef@amazonaws.com,Female,181.149.228.88
17,Reyna,Brumen,rbrumeng@businessweek.com,Female,130.45.180.230
18,Jeanna,O'Hannen,johannenh@yolasite.com,Female,252.61.211.105
19,Tabby,Foulser,tfoulseri@networkadvertising.org,Female,126.252.34.165
20,Rodrigo,Maylor,rmaylorj@symantec.com,Male,254.45.151.38
21,Karylin,Cussons,kcussonsk@indiegogo.com,Female,153.233.251.113
22,Phylis,Northley,pnorthleyl@example.com,Female,196.86.148.171
23,Devlin,Bernasek,dbernasekm@wordpress.com,Male,1.111.221.229
24,Chrysa,Chaperlin,cchaperlinn@ezinearticles.com,Female,46.87.56.58
25,Zebadiah,Lovejoy,zlovejoyo@istockphoto.com,Male,175.243.43.120
26,Elvyn,Bellefonte,ebellefontep@skype.com,Male,17.0.83.147
27,Morey,Downham,mdownhamq@amazon.co.jp,Male,235.36.56.243
28,Roma,Eadmeades,readmeadesr@dedecms.com,Male,245.218.174.233
29,Aleksandr,Reddish,areddishs@newyorker.com,Male,91.150.80.193
30,Dennie,Simonetti,dsimonettit@bandcamp.com,Male,206.131.195.229
31,Monique,Lidgard,mlidgardu@themeforest.net,Female,249.197.12.206
32,Darya,Fullerlove,dfullerlovev@independent.co.uk,Female,114.68.90.209
33,Nickolas,Giorio,ngioriow@theatlantic.com,Male,149.120.250.149
34,Christina,Meiningen,cmeiningenx@engadget.com,Female,73.129.32.112
35,Bernardine,Petworth,bpetworthy@nature.com,Female,189.66.180.127
36,Millard,Marques,mmarquesz@weibo.com,Male,83.158.48.138
37,Hedda,Vigietti,hvigietti10@ocn.ne.jp,Female,43.135.121.137
38,Hodge,Bondesen,hbondesen11@census.gov,Male,70.185.209.8
39,Eugene,Klempke,eklempke12@aboutads.info,Male,99.158.235.170
40,Quinlan,Jozsika,qjozsika13@answers.com,Male,197.67.209.68
41,Alvis,Perillo,aperillo14@sogou.com,Male,53.129.160.117
42,Eugen,Keher,ekeher15@sakura.ne.jp,Male,80.253.244.105
43,Aubert,Laible,alaible16@networksolutions.com,Male,200.168.242.20
44,Cathie,Piwall,cpiwall17@lycos.com,Female,158.124.183.207
45,Brok,Bernakiewicz,bbernakiewicz18@photobucket.com,Male,50.197.63.216
46,Jerad,Swinnard,jswinnard19@weather.com,Male,213.19.63.197
47,Mathe,Baum,mbaum1a@nymag.com,Male,63.73.2.230
48,Marcia,Brilleman,mbrilleman1b@paypal.com,Female,47.101.2.254
49,Oliver,Askaw,oaskaw1c@msu.edu,Male,100.51.194.221
50,Jayson,Sharrard,jsharrard1d@hibu.com,Male,5.101.190.159
51,Lelah,Trenbey,ltrenbey1e@wiley.com,Female,93.132.193.102
52,Tuckie,Diche,tdiche1f@goo.gl,Male,26.170.252.227
53,Jarid,Morando,jmorando1g@unc.edu,Male,139.210.230.228
54,Leeland,Chittie,lchittie1h@senate.gov,Male,101.98.104.35
55,Valentina,Hay,vhay1i@mit.edu,Female,138.32.138.75
56,Guthrey,Eskrick,geskrick1j@cocolog-nifty.com,Male,180.176.91.33
57,Philippine,Tether,ptether1k@thetimes.co.uk,Female,132.155.200.145
58,Con,Dumbrall,cdumbrall1l@go.com,Male,36.128.20.216
59,Mendy,Cuerdall,mcuerdall1m@yandex.ru,Male,90.107.89.161
60,Ilka,Macari,imacari1n@google.co.jp,Female,148.150.37.162
61,Karrah,Bonny,kbonny1o@guardian.co.uk,Female,183.116.14.58
62,Philip,Starsmore,pstarsmore1p@sakura.ne.jp,Male,182.122.94.78
63,Stevie,Chettoe,schettoe1q@about.me,Male,186.238.196.148
64,Gael,Cardenoso,gcardenoso1r@wp.com,Female,163.130.90.5
65,Daune,Skyrm,dskyrm1s@cnbc.com,Female,8.134.81.100
66,Wyatt,Robilart,wrobilart1t@sfgate.com,Male,40.94.227.56
67,Abdel,Hazeltine,ahazeltine1u@techcrunch.com,Male,219.203.183.115
68,Lucais,Harsum,lharsum1v@mayoclinic.com,Male,215.46.254.119
69,Bunny,Seine,bseine1w@timesonline.co.uk,Female,156.32.159.57
70,Melodie,Bushrod,mbushrod1x@bbc.co.uk,Female,135.106.230.127
71,Karlan,Lillico,klillico1y@utexas.edu,Male,91.207.158.22
72,Roseanne,Jarlmann,rjarlmann1z@123-reg.co.uk,Female,86.1.49.124
73,Georgiana,Lillicrap,glillicrap20@noaa.gov,Female,66.181.44.52
74,Bartolemo,Banville,bbanville21@photobucket.com,Male,116.211.131.170
75,Patrick,Bastow,pbastow22@umn.edu,Male,179.170.214.247
76,Dulcinea,Wagon,dwagon23@sitemeter.com,Female,123.101.149.17
77,Penelopa,Mosdell,pmosdell24@usda.gov,Female,15.250.239.110
78,Karola,Lansbury,klansbury25@ning.com,Female,7.208.35.155
79,Towney,Ferrarini,tferrarini26@discovery.com,Male,231.140.77.158
80,Terza,M'Chirrie,tmchirrie27@illinois.edu,Female,9.98.167.14
81,Jimmie,Togher,jtogher28@indiatimes.com,Male,245.234.120.215
82,Fawnia,Malicki,fmalicki29@linkedin.com,Female,78.163.110.13
83,Josee,Gwyther,jgwyther2a@telegraph.co.uk,Female,232.158.108.152
84,Mufi,Bachman,mbachman2b@bandcamp.com,Female,161.12.198.226
85,Hali,Mackrill,hmackrill2c@jiathis.com,Female,78.131.137.176
86,Aleda,Casterton,acasterton2d@github.io,Female,118.184.102.125
87,Elmore,Braznell,ebraznell2e@networkadvertising.org,Male,254.40.155.155
88,Lorenzo,Lambell,llambell2f@mlb.com,Male,14.175.223.125
89,Carl,Vere,cvere2g@amazonaws.com,Male,102.136.94.104
90,Antonin,Kleynermans,akleynermans2h@php.net,Male,248.185.55.206
91,Gregoire,Fearenside,gfearenside2i@un.org,Male,141.84.203.192
92,Loy,Nenci,lnenci2j@cafepress.com,Male,249.109.243.177
93,Armand,Rentcome,arentcome2k@mail.ru,Male,27.168.178.26
94,Alberto,Fitzsymonds,afitzsymonds2l@google.co.uk,Male,245.167.138.217
95,Heinrik,Figliovanni,hfigliovanni2m@bbc.co.uk,Male,115.155.225.69
96,Urban,Bernolet,ubernolet2n@desdev.cn,Male,61.114.149.156
97,Fred,Henriquet,fhenriquet2o@wp.com,Female,105.181.9.194
98,Enriqueta,Stonnell,estonnell2p@dion.ne.jp,Female,16.4.84.171
99,Jade,Duckit,jduckit2q@ycombinator.com,Female,216.209.42.133
100,Abie,Dews,adews2r@bluehost.com,Male,109.96.19.144
101,Inger,Gawkroge,igawkroge2s@npr.org,Female,131.111.196.241
102,Jamil,Tackle,jtackle2t@macromedia.com,Male,132.234.44.203
103,Hieronymus,Soar,hsoar2u@springer.com,Male,163.162.224.55
104,Emmaline,Estabrook,eestabrook2v@bing.com,Female,164.119.188.242
105,Ulrich,Birdwhistle,ubirdwhistle2w@dagondesign.com,Male,203.69.239.157
106,Carolan,McGovern,cmcgovern2x@tinypic.com,Female,49.151.126.9
107,Danni,Sabathier,dsabathier2y@si.edu,Female,208.87.167.140
108,Pavel,Scotford,pscotford2z@blogs.com,Male,69.180.91.237
109,Thatch,McNee,tmcnee30@bandcamp.com,Male,248.207.15.87
110,Leeann,Carlton,lcarlton31@hud.gov,Female,51.180.54.226
111,Nissie,Maund,nmaund32@amazon.co.jp,Female,229.197.26.217
112,Herbie,Noyes,hnoyes33@feedburner.com,Male,167.109.84.59
113,Alla,Coper,acoper34@va.gov,Female,245.180.114.144
114,Benjie,Sleigh,bsleigh35@businessweek.com,Male,186.148.23.3
115,Terrell,McKomb,tmckomb36@ucsd.edu,Male,148.157.82.153
116,Tracee,Osgerby,tosgerby37@ucoz.ru,Female,2.212.127.69
117,Jaynell,Langman,jlangman38@ask.com,Female,9.55.241.137
118,Sydel,Swepstone,sswepstone39@noaa.gov,Female,98.91.245.182
119,Zarah,Mammatt,zmammatt3a@odnoklassniki.ru,Female,225.116.60.217
120,Marsh,Denver,mdenver3b@comsenz.com,Male,125.37.185.67
121,Andee,Stelljes,astelljes3c@tiny.cc,Female,224.244.59.110
122,Kristofor,Amsden,kamsden3d@yellowbook.com,Male,230.128.206.144
123,Paxton,Orneblow,porneblow3e@qq.com,Male,145.36.8.31
124,Juanita,Ainscough,jainscough3f@washington.edu,Female,231.101.216.103
125,Karolina,Swiggs,kswiggs3g@youtu.be,Female,167.70.255.239
126,Aliza,McCurry,amccurry3h@tuttocitta.it,Female,48.19.219.140
127,Randie,Whether,rwhether3i@blinklist.com,Female,225.87.133.230
128,Lindsey,Postle,lpostle3j@ebay.com,Male,192.50.59.88
129,Clayborne,Elsdon,celsdon3k@usa.gov,Male,85.64.130.20
130,Valaria,Dayes,vdayes3l@rambler.ru,Female,200.226.119.171
131,Ibbie,Jeram,ijeram3m@wiley.com,Female,162.171.63.51
132,Dorolice,Minchella,dminchella3n@kickstarter.com,Female,30.133.41.58
133,Edita,Budge,ebudge3o@exblog.jp,Female,166.132.255.199
134,Reider,McMechan,rmcmechan3p@parallels.com,Male,243.110.108.96
135,Wyatt,McCreery,wmccreery3q@uiuc.edu,Male,57.231.26.187
136,Wait,Maun,wmaun3r@harvard.edu,Male,165.218.116.65
137,Barron,Duerden,bduerden3s@dmoz.org,Male,127.110.218.44
138,Willyt,Lott,wlott3t@blogtalkradio.com,Female,19.50.38.22
139,Ivy,Augustus,iaugustus3u@nps.gov,Female,197.100.201.95
140,Reamonn,Aisman,raisman3v@phpbb.com,Male,115.194.65.207
141,Siegfried,Glusby,sglusby3w@irs.gov,Male,162.101.25.175
142,Job,Byard,jbyard3x@wiley.com,Male,25.209.197.225
143,Louisa,Irwin,lirwin3y@unblog.fr,Female,64.108.166.133
144,Alick,Ferrotti,aferrotti3z@phpbb.com,Male,63.223.198.100
145,Neila,Guntrip,nguntrip40@cbslocal.com,Female,179.226.19.170
146,Lorrie,Trotman,ltrotman41@intel.com,Female,193.157.116.82
147,Eugenie,Atwel,eatwel42@scientificamerican.com,Female,140.242.13.178
148,Corbin,Dwyer,cdwyer43@usgs.gov,Male,99.188.103.88
149,Kelsy,Pioli,kpioli44@tamu.edu,Female,241.124.163.32
150,Olly,Seager,oseager45@squidoo.com,Female,138.236.14.150
151,Gilberta,Huggens,ghuggens46@wordpress.com,Female,94.10.117.104
152,Diandra,Stallibrass,dstallibrass47@clickbank.net,Female,21.29.87.131
153,Rosco,Hillaby,rhillaby48@uiuc.edu,Male,44.94.186.178
154,Alex,Lethbury,alethbury49@nature.com,Female,118.222.134.217
155,Janina,Brimfield,jbrimfield4a@fc2.com,Female,245.57.70.106
156,Hildegaard,Trow,htrow4b@huffingtonpost.com,Female,243.6.164.35
157,Reeba,Chapier,rchapier4c@webeden.co.uk,Female,217.223.68.248
158,Dario,Cashin,dcashin4d@columbia.edu,Male,179.90.86.177
159,Enrichetta,Loudyan,eloudyan4e@icq.com,Female,216.4.191.249
160,Burch,Rigler,brigler4f@webeden.co.uk,Male,241.149.6.83
161,Lars,Ritchard,lritchard4g@dmoz.org,Male,244.1.194.234
162,Genovera,Djurisic,gdjurisic4h@e-recht24.de,Female,60.15.142.139
163,Jewelle,Kleeborn,jkleeborn4i@miitbeian.gov.cn,Female,71.15.26.234
164,Padgett,Pixton,ppixton4j@addtoany.com,Male,153.163.57.139
165,Hurleigh,Wasiela,hwasiela4k@craigslist.org,Male,243.149.130.70
166,Cole,Ridder,cridder4l@europa.eu,Male,155.40.25.122
167,Ailsun,Lishmund,alishmund4m@exblog.jp,Female,134.126.21.56
168,Crin,Imorts,cimorts4n@cisco.com,Female,142.122.94.42
169,Tabby,Cometson,tcometson4o@ucla.edu,Female,93.182.32.254
170,Lorrin,Chaulk,lchaulk4p@fema.gov,Female,89.249.73.191
171,Verena,Voyce,vvoyce4q@mozilla.org,Female,173.255.164.102
172,Manon,Bluschke,mbluschke4r@msn.com,Female,186.146.71.100
173,Ichabod,Elster,ielster4s@mozilla.com,Male,153.232.253.162
174,Jessee,Humbie,jhumbie4t@fastcompany.com,Male,146.212.15.240
175,Meggie,Jarrel,mjarrel4u@hibu.com,Female,105.220.123.242
176,Gayler,Cleynaert,gcleynaert4v@exblog.jp,Male,192.120.38.1
177,Erma,Eldin,eeldin4w@patch.com,Female,253.4.67.140
178,Ambrosius,Giovannilli,agiovannilli4x@shop-pro.jp,Male,109.0.229.98
179,Daria,Klimschak,dklimschak4y@wp.com,Female,0.66.170.78
180,Otto,Scothorn,oscothorn4z@arstechnica.com,Male,29.248.251.109
181,Ximenez,Fould,xfould50@qq.com,Male,142.251.238.14
182,Any,Esser,aesser51@chron.com,Male,66.111.117.249
183,Maridel,Scahill,mscahill52@surveymonkey.com,Female,68.90.133.136
184,Tammie,Leglise,tleglise53@nbcnews.com,Male,209.36.88.139
185,Paulie,Deble,pdeble54@about.me,Male,209.166.200.208
186,Artur,Gunton,agunton55@buzzfeed.com,Male,107.119.183.8
187,Tanney,Aleshkov,taleshkov56@issuu.com,Male,162.11.176.108
188,Ariadne,Cordeiro,acordeiro57@fastcompany.com,Female,147.128.125.50
189,Toddy,Sisse,tsisse58@typepad.com,Male,83.8.45.206
190,Liam,Kidwell,lkidwell59@google.pl,Male,166.71.246.249
191,Gram,Bes,gbes5a@apple.com,Male,96.7.134.23
192,Aron,Taberer,ataberer5b@free.fr,Male,2.10.34.184
193,Bernadene,Eller,beller5c@bbb.org,Female,194.197.75.163
194,Yoshi,Bruckstein,ybruckstein5d@mozilla.com,Female,142.88.35.188
195,Barney,Ballantine,bballantine5e@sbwire.com,Male,159.216.182.116
196,Baily,Frantz,bfrantz5f@is.gd,Male,99.224.241.137
197,Velvet,Cosgry,vcosgry5g@wikipedia.org,Female,229.131.58.40
198,Yard,Standley,ystandley5h@google.co.uk,Male,28.163.208.205
199,Claribel,Mea,cmea5i@scribd.com,Female,79.7.114.149
200,Rand,Conrart,rconrart5j@cnet.com,Male,35.201.18.166
201,Janaya,Gannan,jgannan5k@myspace.com,Female,9.196.85.130
202,Lucias,Santi,lsanti5l@ovh.net,Male,150.210.31.30
203,Bronson,Drife,bdrife5m@joomla.org,Male,9.137.125.186
204,Nickie,Shatliffe,nshatliffe5n@comcast.net,Female,74.8.144.247
205,Joachim,Dahlgren,jdahlgren5o@independent.co.uk,Male,239.92.13.192
206,Cullie,Gate,cgate5p@soup.io,Male,61.56.130.165
207,Appolonia,Dawbery,adawbery5q@xing.com,Female,126.151.148.38
208,Doralin,Kielty,dkielty5r@si.edu,Female,207.243.201.188
209,Timothea,Lambourne,tlambourne5s@hubpages.com,Female,229.102.125.92
210,Joseph,Colenutt,jcolenutt5t@tripadvisor.com,Male,189.193.245.21
211,Janette,Sayes,jsayes5u@ox.ac.uk,Female,73.52.100.4
212,Vera,Dysert,vdysert5v@usnews.com,Female,181.89.114.73
213,Page,Hyam,phyam5w@ucsd.edu,Male,8.139.236.18
214,Paige,Fink,pfink5x@elegantthemes.com,Male,190.51.17.138
215,Bord,Cornew,bcornew5y@youtu.be,Male,99.165.39.87
216,Lula,Colkett,lcolkett5z@rambler.ru,Female,65.156.97.204
217,Marjie,Grocutt,mgrocutt60@de.vu,Female,251.220.34.215
218,Carie,Gittens,cgittens61@a8.net,Female,54.143.163.105
219,Shandee,Leming,sleming62@tiny.cc,Female,171.53.233.179
220,Fay,Ingerith,fingerith63@thetimes.co.uk,Female,124.22.79.146
221,Sallyanne,Roels,sroels64@woothemes.com,Female,159.12.83.255
222,Loralee,Dahl,ldahl65@economist.com,Female,83.129.190.35
223,Cecilia,Cheine,ccheine66@i2i.jp,Female,108.107.47.74
224,Eunice,Woolner,ewoolner67@walmart.com,Female,217.156.22.193
225,Deidre,Jacobbe,djacobbe68@theglobeandmail.com,Female,13.156.179.201
226,Clarie,Girardet,cgirardet69@sun.com,Female,16.88.4.247
227,Leslie,Laughlan,llaughlan6a@issuu.com,Male,32.193.147.57
228,Floris,Sharp,fsharp6b@networksolutions.com,Female,200.240.42.159
229,Gerik,Blaney,gblaney6c@cnn.com,Male,158.79.107.159
230,Ricki,Donativo,rdonativo6d@about.com,Male,186.56.159.212
231,Cherey,Pozer,cpozer6e@constantcontact.com,Female,64.7.184.160
232,Hali,Surby,hsurby6f@globo.com,Female,36.99.205.118
233,Chrotoem,Birtwistle,cbirtwistle6g@google.com.hk,Male,162.171.209.249
234,Georg,Delap,gdelap6h@hexun.com,Male,102.62.249.199
235,Ellis,Arnholdt,earnholdt6i@booking.com,Male,136.57.239.5
236,Gardener,Beevens,gbeevens6j@china.com.cn,Male,23.123.149.252
237,Enriqueta,Jills,ejills6k@nymag.com,Female,182.191.201.248
238,Em,Shuttell,eshuttell6l@utexas.edu,Female,58.81.174.218
239,Emyle,Dauber,edauber6m@noaa.gov,Female,138.97.253.206
240,Hollis,Raynton,hraynton6n@delicious.com,Male,35.67.172.55
241,Irvin,Dewer,idewer6o@nifty.com,Male,98.40.65.242
242,Nikolos,Pointin,npointin6p@youtu.be,Male,40.210.130.79
243,Vanya,Baude,vbaude6q@spiegel.de,Male,192.57.157.107
244,Terence,Ludlem,tludlem6r@creativecommons.org,Male,49.154.21.201
245,Lanna,Barreau,lbarreau6s@constantcontact.com,Female,112.130.254.74
246,Morty,Bengochea,mbengochea6t@naver.com,Male,155.228.218.57
247,Demetra,Boone,dboone6u@sciencedirect.com,Female,196.4.138.26
248,Markus,Hugnet,mhugnet6v@shinystat.com,Male,253.251.29.241
249,Myrtice,Pearcey,mpearcey6w@fda.gov,Female,240.145.90.42
250,Aldrich,Nelthorpe,anelthorpe6x@disqus.com,Male,101.133.18.243
251,Dunc,Fielding,dfielding6y@indiatimes.com,Male,147.19.113.28
252,Seymour,Scoggin,sscoggin6z@spotify.com,Male,39.160.17.12
253,Hallsy,Umbers,humbers70@meetup.com,Male,255.132.60.237
254,Karyl,Paxman,kpaxman71@springer.com,Female,58.88.82.206
255,Hermine,Conyers,hconyers72@nationalgeographic.com,Female,182.229.162.80
256,Florri,Liff,fliff73@wp.com,Female,218.53.0.198
257,Darcee,Fishburn,dfishburn74@diigo.com,Female,73.224.33.227
258,Sergei,Jeenes,sjeenes75@omniture.com,Male,250.182.109.37
259,Ermentrude,Szymanski,eszymanski76@forbes.com,Female,131.11.79.105
260,Isadore,Elman,ielman77@dagondesign.com,Male,236.100.183.50
261,Prudence,Purse,ppurse78@cpanel.net,Female,146.197.28.168
262,Olenolin,Oakland,ooakland79@flickr.com,Male,212.21.108.110
263,Clair,Tue,ctue7a@blogtalkradio.com,Male,36.17.217.110
264,Heath,Woolsey,hwoolsey7b@istockphoto.com,Male,42.47.205.98
265,Pierson,Mawford,pmawford7c@lulu.com,Male,23.9.52.120
266,Yank,Sybe,ysybe7d@sun.com,Male,73.229.99.93
267,Bondon,Stainbridge,bstainbridge7e@addthis.com,Male,159.11.110.236
268,Bertram,Jeffers,bjeffers7f@paypal.com,Male,236.43.75.253
269,Carmon,Sylvaine,csylvaine7g@acquirethisname.com,Female,137.41.200.196
270,Paulo,Smeeton,psmeeton7h@xrea.com,Male,245.153.176.108
271,Costa,Borit,cborit7i@amazon.de,Male,202.226.176.121
272,Damon,Leving,dleving7j@meetup.com,Male,239.25.211.232
273,Dallon,Yanne,dyanne7k@privacy.gov.au,Male,38.144.61.207
274,Celestina,Sexten,csexten7l@google.es,Female,145.247.50.199
275,Ruy,Woodison,rwoodison7m@jiathis.com,Male,159.176.24.225
276,Clerissa,Segges,csegges7n@cisco.com,Female,201.85.220.27
277,Rhodie,Von Helmholtz,rvonhelmholtz7o@ihg.com,Female,120.203.112.136
278,Romeo,Vella,rvella7p@qq.com,Male,153.251.108.108
279,Natalya,Couttes,ncouttes7q@de.vu,Female,148.109.81.197
280,Lynne,Sherbrooke,lsherbrooke7r@printfriendly.com,Female,3.134.136.135
281,Guglielma,Askwith,gaskwith7s@foxnews.com,Female,142.249.113.195
282,Sherie,De La Coste,sdelacoste7t@infoseek.co.jp,Female,133.197.106.186
283,Walsh,Adelsberg,wadelsberg7u@tripod.com,Male,37.104.87.34
284,Nola,Curnucke,ncurnucke7v@bloomberg.com,Female,220.139.236.179
285,Adella,Phizackarley,aphizackarley7w@last.fm,Female,206.196.0.33
286,Lanny,Vondrys,lvondrys7x@indiegogo.com,Male,121.236.85.224
287,Virginie,Avard,vavard7y@utexas.edu,Female,250.38.96.189
288,Cobby,Echalier,cechalier7z@slate.com,Male,202.65.177.216
289,Vidovic,Cowlin,vcowlin80@sina.com.cn,Male,126.53.224.90
290,Kerwin,Bascomb,kbascomb81@sohu.com,Male,54.17.63.4
291,Marieann,Bosworth,mbosworth82@sina.com.cn,Female,249.165.251.54
292,Briney,Thornton-Dewhirst,bthorntondewhirst83@delicious.com,Female,33.47.155.135
293,Leland,Fitzmaurice,lfitzmaurice84@harvard.edu,Female,238.246.4.120
294,Loralee,Tilley,ltilley85@trellian.com,Female,190.28.127.57
295,Brigida,Orridge,borridge86@instagram.com,Female,236.205.155.164
296,Ericka,Shellshear,eshellshear87@sciencedirect.com,Female,35.130.147.187
297,Morris,Quinion,mquinion88@economist.com,Male,43.141.242.20
298,Gabbi,Spurrior,gspurrior89@geocities.jp,Female,126.129.243.48
299,Peder,Littell,plittell8a@nationalgeographic.com,Male,21.124.18.237
300,Darb,Stevani,dstevani8b@fema.gov,Female,253.61.100.66
301,Walton,Proschek,wproschek8c@newsvine.com,Male,66.126.26.254
302,Elena,Catley,ecatley8d@shinystat.com,Female,27.116.123.116
303,Tonia,Lawlings,tlawlings8e@weebly.com,Female,199.33.27.34
304,Anna,Blyth,ablyth8f@chicagotribune.com,Female,240.191.94.68
305,Yance,Whitwell,ywhitwell8g@icio.us,Male,121.147.78.189
306,Boris,Tuff,btuff8h@infoseek.co.jp,Male,142.198.135.153
307,Bethina,Douce,bdouce8i@miitbeian.gov.cn,Female,239.253.95.10
308,Lucais,Foye,lfoye8j@google.co.jp,Male,84.128.229.115
309,Aeriell,Tanti,atanti8k@prlog.org,Female,132.22.222.196
310,Kath,Benoy,kbenoy8l@cbsnews.com,Female,195.129.33.153
311,Rosy,Drakes,rdrakes8m@4shared.com,Female,124.76.13.101
312,Alysia,Arrigucci,aarrigucci8n@marketwatch.com,Female,13.59.32.174
313,Richardo,Rother,rrother8o@reference.com,Male,194.75.238.239
314,Meaghan,Chiplen,mchiplen8p@microsoft.com,Female,252.239.235.206
315,Nerta,O'Donoghue,nodonoghue8q@japanpost.jp,Female,206.151.115.226
316,Jonie,Jolly,jjolly8r@globo.com,Female,177.237.160.215
317,Alexandre,Organer,aorganer8s@accuweather.com,Male,199.248.68.246
318,Desmond,Perkin,dperkin8t@theguardian.com,Male,212.176.99.253
319,Tomas,Reichartz,treichartz8u@uol.com.br,Male,237.91.102.97
320,Sonny,Loyd,sloyd8v@4shared.com,Female,118.162.228.255
321,Simonette,Simic,ssimic8w@chronoengine.com,Female,42.102.145.130
322,Wanda,Randerson,wranderson8x@jugem.jp,Female,232.105.158.126
323,Lil,Pettingall,lpettingall8y@paypal.com,Female,241.242.19.35
324,Jakob,Brigdale,jbrigdale8z@netscape.com,Male,5.198.247.123
325,Babbie,Ivanovic,bivanovic90@freewebs.com,Female,64.25.19.229
326,Stefano,Mumberson,smumberson91@umich.edu,Male,166.87.243.76
327,Lotty,De Lisle,ldelisle92@t.co,Female,47.197.75.207
328,Josie,Graveney,jgraveney93@shutterfly.com,Female,175.194.75.122
329,Cesaro,Hankins,chankins94@wikimedia.org,Male,194.212.200.186
330,Kimberly,Pargeter,kpargeter95@unc.edu,Female,99.121.127.102
331,Kellen,Rentz,krentz96@wunderground.com,Male,161.210.207.103
332,Vassili,Bloggett,vbloggett97@shareasale.com,Male,175.48.198.215
333,Dilan,Craven,dcraven98@purevolume.com,Male,88.141.164.169
334,Dianna,Kingett,dkingett99@ocn.ne.jp,Female,33.33.83.14
335,Lynda,Stannard,lstannard9a@ed.gov,Female,37.41.28.90
336,Bernetta,Oriel,boriel9b@ox.ac.uk,Female,49.70.19.242
337,Waldo,Hacket,whacket9c@bbc.co.uk,Male,64.8.238.179
338,Maude,Boone,mboone9d@sakura.ne.jp,Female,58.137.221.74
339,Fifine,Glassard,fglassard9e@goodreads.com,Female,79.112.209.84
340,Mattias,Alelsandrovich,malelsandrovich9f@smh.com.au,Male,188.38.67.104
341,Merrilee,Beri,mberi9g@europa.eu,Female,234.165.223.1
342,Florenza,Herreran,fherreran9h@msu.edu,Female,73.81.246.205
343,Susanne,Ghest,sghest9i@over-blog.com,Female,84.166.53.78
344,Fredericka,Whitehouse,fwhitehouse9j@microsoft.com,Female,16.94.82.40
345,Sybyl,Rosedale,srosedale9k@nifty.com,Female,99.49.66.171
346,Frannie,O'Mullally,fomullally9l@etsy.com,Female,146.237.171.71
347,Wadsworth,Hallwood,whallwood9m@gov.uk,Male,146.23.166.73
348,Norry,Dyas,ndyas9n@abc.net.au,Female,215.228.174.161
349,Ola,Klaessen,oklaessen9o@spiegel.de,Female,88.142.211.212
350,Heddie,Burnsall,hburnsall9p@furl.net,Female,185.65.141.2
351,Biddy,Reedyhough,breedyhough9q@businesswire.com,Female,126.130.102.247
352,Gus,Buscombe,gbuscombe9r@scientificamerican.com,Female,135.133.81.154
353,Hagen,Guilliatt,hguilliatt9s@nba.com,Male,152.74.47.247
354,Whittaker,Trundle,wtrundle9t@blog.com,Male,179.130.75.220
355,Winne,Withrop,wwithrop9u@prlog.org,Female,252.80.27.192
356,Uriel,Tallyn,utallyn9v@soup.io,Male,139.155.181.44
357,Sela,Luebbert,sluebbert9w@blogs.com,Female,211.206.123.41
358,Alanna,Keedwell,akeedwell9x@hao123.com,Female,118.99.187.174
359,Abeu,McMurraya,amcmurraya9y@ibm.com,Male,169.237.79.181
360,Val,Newbatt,vnewbatt9z@cpanel.net,Female,50.67.186.19
361,Cullan,Muscroft,cmuscrofta0@360.cn,Male,244.39.44.6
362,Moyna,Eloy,meloya1@lycos.com,Female,56.170.128.240
363,Bevon,Fellow,bfellowa2@google.cn,Male,22.190.3.230
364,Ranna,London,rlondona3@sun.com,Female,158.241.182.72
365,Jules,Belison,jbelisona4@hp.com,Male,127.243.164.90
366,Gilberte,Jeanet,gjeaneta5@wikimedia.org,Female,121.62.99.78
367,Dennet,Cradoc,dcradoca6@sourceforge.net,Male,142.124.96.107
368,Bevin,Habron,bhabrona7@hud.gov,Male,115.16.24.109
369,Cecile,M'Barron,cmbarrona8@last.fm,Female,24.185.164.73
370,Omar,Schoroder,oschorodera9@java.com,Male,80.177.122.72
371,Dukie,Stadding,dstaddingaa@usgs.gov,Male,195.96.116.119
372,Jarrid,Grayling,jgraylingab@hud.gov,Male,211.40.67.223
373,Marilin,Rearie,mrearieac@dell.com,Female,3.148.162.201
374,Karyn,Welford,kwelfordad@hao123.com,Female,198.70.98.43
375,Kata,Zannotti,kzannottiae@sciencedirect.com,Female,221.112.211.192
376,Rudolf,Theobald,rtheobaldaf@fc2.com,Male,68.115.122.23
377,Justis,MacGruer,jmacgruerag@delicious.com,Male,220.227.142.133
378,Ruby,Espine,respineah@booking.com,Female,7.216.93.118
379,Inessa,Van Der Weedenburg,ivanderweedenburgai@hexun.com,Female,251.207.201.70
380,Kermit,Calendar,kcalendaraj@yellowbook.com,Male,120.150.110.25
381,Phillida,Tee,pteeak@desdev.cn,Female,141.228.27.186
382,Benjy,Orrom,borromal@cocolog-nifty.com,Male,43.18.37.234
383,Evelyn,Jeffers,ejeffersam@dropbox.com,Female,60.101.68.223
384,Sebastian,Pfiffer,spfifferan@imdb.com,Male,82.161.121.122
385,Agneta,Letessier,aletessierao@hugedomains.com,Female,115.24.221.229
386,Andrei,Cocci,acocciap@imageshack.us,Female,246.63.202.80
387,Alick,Berntssen,aberntssenaq@sina.com.cn,Male,153.2.9.166
388,Mollee,Tippett,mtippettar@zimbio.com,Female,110.140.167.113
389,Melba,Hallum,mhallumas@archive.org,Female,188.168.170.231
390,Lenci,Veale,lvealeat@gov.uk,Male,217.155.196.133
391,Tedi,Jecks,tjecksau@spotify.com,Female,247.37.243.250
392,Percival,Ingall,pingallav@wisc.edu,Male,176.254.97.179
393,Logan,Bernardino,lbernardinoaw@example.com,Male,105.44.102.244
394,Nicolle,Piris,npirisax@topsy.com,Female,83.127.32.86
395,Cob,Sansam,csansamay@addthis.com,Male,111.210.217.137
396,Janek,Aindriu,jaindriuaz@biglobe.ne.jp,Male,163.177.145.125
397,Gianna,Bezemer,gbezemerb0@ucoz.ru,Female,98.254.209.187
398,Calhoun,Danher,cdanherb1@squarespace.com,Male,138.137.36.201
399,Sawyere,Biasio,sbiasiob2@craigslist.org,Male,78.85.69.2
400,Washington,Mudd,wmuddb3@gnu.org,Male,243.81.218.120
401,Merlina,Siddle,msiddleb4@vinaora.com,Female,187.158.84.82
402,Obadiah,Mouget,omougetb5@vinaora.com,Male,67.37.240.181
403,Ellery,Quarterman,equartermanb6@nyu.edu,Male,96.72.250.187
404,Brigid,Tompion,btompionb7@simplemachines.org,Female,153.121.131.7
405,Solomon,Kett,skettb8@utexas.edu,Male,248.98.15.13
406,Stephan,Tenman,stenmanb9@wsj.com,Male,241.112.194.34
407,Bridgette,Issacson,bissacsonba@joomla.org,Female,50.213.14.75
408,Amabelle,MacDaid,amacdaidbb@newyorker.com,Female,208.39.39.246
409,Nonnah,Attwoull,nattwoullbc@epa.gov,Female,104.161.222.126
410,Ora,Crosland,ocroslandbd@nydailynews.com,Female,3.164.3.18
411,Melamie,Giacobelli,mgiacobellibe@themeforest.net,Female,239.168.233.217
412,Hobard,Taynton,htayntonbf@twitpic.com,Male,184.218.156.15
413,Michell,Tumber,mtumberbg@ibm.com,Female,27.0.250.29
414,Arie,Ivanuschka,aivanuschkabh@cloudflare.com,Male,163.154.113.140
415,Samuele,Cordelle,scordellebi@simplemachines.org,Male,22.80.156.46
416,Grannie,Ainsley,gainsleybj@technorati.com,Male,254.36.84.72
417,Jacob,Bryant,jbryantbk@oakley.com,Male,183.124.101.209
418,Brice,Cottu,bcottubl@tuttocitta.it,Male,99.214.147.173
419,Marlane,Sandes,msandesbm@jiathis.com,Female,153.222.128.30
420,Sholom,Rainforth,srainforthbn@amazonaws.com,Male,41.81.24.69
421,Arline,Stallworth,astallworthbo@army.mil,Female,170.174.9.136
422,Heriberto,Huffa,hhuffabp@mozilla.org,Male,15.110.216.71
423,Erv,Kingswell,ekingswellbq@people.com.cn,Male,78.84.18.141
424,Viviene,Hartas,vhartasbr@prlog.org,Female,166.45.155.220
425,Petey,Chelsom,pchelsombs@wordpress.com,Male,116.29.82.70
426,Genna,Morrott,gmorrottbt@uiuc.edu,Female,86.201.105.84
427,Maryjane,O'Scanlan,moscanlanbu@bbc.co.uk,Female,52.67.224.202
428,Raquela,Schuler,rschulerbv@webmd.com,Female,225.233.31.81
429,Dionisio,Bennell,dbennellbw@jugem.jp,Male,115.255.132.117
430,Linzy,Meatcher,lmeatcherbx@facebook.com,Female,171.222.102.164
431,Giavani,Reeder,greederby@illinois.edu,Male,180.163.110.120
432,Kyrstin,Alner,kalnerbz@mashable.com,Female,185.35.120.117
433,Christophe,Crenage,ccrenagec0@hubpages.com,Male,81.188.189.64
434,Odey,Dearnly,odearnlyc1@ibm.com,Male,178.217.83.232
435,Olympe,Tosspell,otosspellc2@cdc.gov,Female,123.185.17.165
436,Fredric,Sandells,fsandellsc3@washington.edu,Male,109.181.213.247
437,Alix,Carne,acarnec4@blog.com,Male,134.193.69.26
438,Reinaldo,Barnson,rbarnsonc5@scribd.com,Male,88.154.165.113
439,Les,Coveley,lcoveleyc6@nps.gov,Male,98.18.116.214
440,Colet,Ruppertz,cruppertzc7@salon.com,Male,252.245.205.176
441,Stanfield,Sandifer,ssandiferc8@multiply.com,Male,91.0.232.174
442,Enrico,Javes,ejavesc9@prlog.org,Male,201.68.200.164
443,Atlante,Burrus,aburrusca@sfgate.com,Female,224.87.200.31
444,Rufe,McCotter,rmccottercb@vistaprint.com,Male,17.164.143.157
445,Zebulon,Boards,zboardscc@google.ru,Male,25.33.81.40
446,Niko,Goodliff,ngoodliffcd@ted.com,Male,252.68.130.177
447,Noam,Curnow,ncurnowce@nsw.gov.au,Male,129.98.109.162
448,Julian,Andresen,jandresencf@51.la,Male,15.178.44.195
449,Brett,Bolgar,bbolgarcg@tripadvisor.com,Female,148.80.137.214
450,Juana,D'Ambrosi,jdambrosich@skype.com,Female,139.51.108.201
451,Johann,Kelcher,jkelcherci@noaa.gov,Male,50.210.71.202
452,Cullie,Sazio,csaziocj@123-reg.co.uk,Male,167.255.65.153
453,Grange,Well,gwellck@auda.org.au,Male,126.185.24.87
454,Garland,Woodthorpe,gwoodthorpecl@hud.gov,Female,233.83.231.206
455,Kermie,Shilston,kshilstoncm@purevolume.com,Male,223.161.152.38
456,Adan,Flips,aflipscn@tiny.cc,Female,214.54.104.3
457,Daryn,Baukham,dbaukhamco@paginegialle.it,Female,32.245.17.84
458,Cesar,Antonellini,cantonellinicp@webeden.co.uk,Male,66.186.215.255
459,Ofelia,Marjot,omarjotcq@theglobeandmail.com,Female,158.170.92.163
460,Carlotta,Bone,cbonecr@msn.com,Female,9.76.27.243
461,Desi,Pantridge,dpantridgecs@indiatimes.com,Male,148.143.83.20
462,Milzie,Habbes,mhabbesct@aboutads.info,Female,214.40.158.68
463,Felike,Milazzo,fmilazzocu@joomla.org,Male,218.163.128.131
464,Roderich,Eacott,reacottcv@msu.edu,Male,47.126.96.139
465,Adlai,Arundale,aarundalecw@friendfeed.com,Male,100.184.17.11
466,Gonzalo,Ingyon,gingyoncx@live.com,Male,159.106.18.242
467,Sydelle,Cartmael,scartmaelcy@prlog.org,Female,112.75.199.30
468,Elroy,Souness,esounesscz@ning.com,Male,69.75.209.207
469,Mikol,Faughnan,mfaughnand0@abc.net.au,Male,112.252.68.35
470,Halsy,Van Velden,hvanveldend1@mac.com,Male,86.179.92.233
471,Linea,Elsey,lelseyd2@washington.edu,Female,119.82.55.180
472,Kenneth,Annatt,kannattd3@army.mil,Male,57.192.21.238
473,Grantham,Singh,gsinghd4@hp.com,Male,208.155.224.113
474,Alick,Brodhead,abrodheadd5@bloomberg.com,Male,107.163.94.192
475,Calv,Cristofol,ccristofold6@prweb.com,Male,178.231.139.170
476,Tibold,Wiggett,twiggettd7@slideshare.net,Male,217.114.156.18
477,Gerta,Machon,gmachond8@hao123.com,Female,46.185.108.175
478,Edgardo,Cresser,ecresserd9@digg.com,Male,74.197.35.220
479,Shelli,Karchowski,skarchowskida@geocities.com,Female,155.38.23.56
480,Holden,Buncombe,hbuncombedb@alexa.com,Male,198.38.223.202
481,Nicolina,Gherardini,ngherardinidc@ucoz.com,Female,145.81.209.201
482,Sissie,Pallent,spallentdd@so-net.ne.jp,Female,131.93.96.228
483,Kit,Hartin,khartinde@theguardian.com,Male,62.240.248.203
484,Odessa,Copnar,ocopnardf@patch.com,Female,32.64.89.89
485,Fremont,Extence,fextencedg@independent.co.uk,Male,82.154.127.66
486,Haleigh,Gibard,hgibarddh@ihg.com,Male,55.193.109.8
487,Aldwin,Klamman,aklammandi@nationalgeographic.com,Male,109.15.47.127
488,Bearnard,Corss,bcorssdj@simplemachines.org,Male,164.235.164.126
489,Antonietta,Redgrave,aredgravedk@ucsd.edu,Female,204.33.42.252
490,Keir,Leggatt,kleggattdl@youtube.com,Male,168.123.21.189
491,Brocky,Bernhard,bbernharddm@wunderground.com,Male,109.87.13.55
492,Blair,Heathfield,bheathfielddn@wsj.com,Female,123.53.76.98
493,Hakeem,Cleator,hcleatordo@bbb.org,Male,213.186.19.38
494,Ingeberg,Youel,iyoueldp@ycombinator.com,Female,59.108.206.166
495,Marcelline,Whittall,mwhittalldq@dot.gov,Female,107.64.204.167
496,Arman,Sansome,asansomedr@free.fr,Male,167.8.181.0
497,Kristy,Friedlos,kfriedlosds@jiathis.com,Female,61.122.71.39
498,Malanie,Ferrieroi,mferrieroidt@blinklist.com,Female,130.146.50.39
499,Adelaida,Keaveney,akeaveneydu@examiner.com,Female,155.191.53.80
500,Filide,Bernard,fbernarddv@de.vu,Female,216.229.160.52
501,Aveline,Lange,alangedw@umich.edu,Female,23.198.217.157
502,Corrie,Gruszczak,cgruszczakdx@sfgate.com,Male,85.233.2.202
503,Joanna,Stuckley,jstuckleydy@arstechnica.com,Female,32.169.189.254
504,Mischa,Feaviour,mfeaviourdz@pinterest.com,Male,175.143.43.16
505,Roddie,Hitzmann,rhitzmanne0@sphinn.com,Male,0.11.8.142
506,Adelbert,Holde,aholdee1@cnn.com,Male,52.126.42.61
507,Rutledge,Blackey,rblackeye2@newyorker.com,Male,248.157.184.221
508,Lise,Leverette,lleverettee3@usgs.gov,Female,11.124.34.45
509,Anthony,Christy,achristye4@cbslocal.com,Male,241.127.116.92
510,Evangeline,Danter,edantere5@51.la,Female,217.57.1.123
511,Drake,Ertel,dertele6@geocities.jp,Male,94.30.66.245
512,Myrta,Pladen,mpladene7@mail.ru,Female,129.15.251.237
513,Hyacintha,Hymer,hhymere8@hp.com,Female,219.9.209.34
514,Milka,Baptist,mbaptiste9@artisteer.com,Female,212.102.48.87
515,Jonie,Fewkes,jfewkesea@apple.com,Female,88.198.137.212
516,Bobbee,Ropkins,bropkinseb@slate.com,Female,251.196.225.50
517,Gasper,Larmuth,glarmuthec@weather.com,Male,118.69.153.182
518,Jeana,Pavie,jpavieed@soundcloud.com,Female,78.112.145.246
519,Lorry,Durning,ldurningee@apache.org,Male,5.239.158.180
520,Mercy,Alejandre,malejandreef@scientificamerican.com,Female,230.61.63.84
521,Giffard,Matashkin,gmatashkineg@wired.com,Male,190.232.156.23
522,Sarge,Thiem,sthiemeh@parallels.com,Male,248.65.142.233
523,Eduino,Spooner,espoonerei@creativecommons.org,Male,38.253.171.137
524,Ruben,Gregoraci,rgregoraciej@surveymonkey.com,Male,170.12.61.71
525,Mort,Rassmann,mrassmannek@skype.com,Male,222.56.87.164
526,Alic,Vamplers,avamplersel@tmall.com,Male,231.222.68.132
527,Ardelis,Millhill,amillhillem@google.ru,Female,159.93.134.199
528,Adoree,Moohan,amoohanen@wordpress.com,Female,212.218.249.252
529,Sydney,Lisciandri,slisciandrieo@newsvine.com,Male,213.36.170.114
530,Winifred,Maven,wmavenep@addtoany.com,Female,97.121.121.190
531,Fara,Brosnan,fbrosnaneq@prnewswire.com,Female,27.187.117.25
532,Jaquelin,Fildery,jfilderyer@auda.org.au,Female,33.108.110.113
533,Alayne,Beldam,abeldames@feedburner.com,Female,197.117.106.177
534,Vernor,Liptrod,vliptrodet@mac.com,Male,26.23.44.215
535,Nevil,MacFadzean,nmacfadzeaneu@hao123.com,Male,6.165.217.240
536,Grace,Rodell,grodellev@xinhuanet.com,Female,172.88.105.94
537,Bettye,Le Moucheux,blemoucheuxew@exblog.jp,Female,11.207.201.99
538,Ginny,Trobey,gtrobeyex@wsj.com,Female,191.232.185.37
539,Bonnie,Wetherhead,bwetherheadey@about.com,Female,92.144.238.6
540,Denni,Northwood,dnorthwoodez@github.io,Female,182.39.42.245
541,Robbert,Tregien,rtregienf0@cafepress.com,Male,14.22.124.212
542,Toddie,Trawin,ttrawinf1@oakley.com,Male,203.198.250.67
543,Angelika,Kummerlowe,akummerlowef2@instagram.com,Female,154.239.22.206
544,Mikael,Arkin,markinf3@ox.ac.uk,Male,151.17.242.88
545,Alvan,Jephcote,ajephcotef4@wikispaces.com,Male,6.208.119.162
546,Afton,Benedict,abenedictf5@bigcartel.com,Female,119.91.109.183
547,Lester,Boards,lboardsf6@mtv.com,Male,254.221.228.122
548,Noam,Lambdin,nlambdinf7@163.com,Male,162.105.249.85
549,Hamlin,Hollington,hhollingtonf8@auda.org.au,Male,29.76.177.155
550,Bettine,Bracken,bbrackenf9@biblegateway.com,Female,188.16.255.176
551,Rodie,Fadian,rfadianfa@mozilla.com,Female,155.83.244.97
552,Anallise,Lots,alotsfb@yellowbook.com,Female,111.42.30.66
553,Jane,Pippard,jpippardfc@miibeian.gov.cn,Female,226.200.235.145
554,Debera,Flute,dflutefd@abc.net.au,Female,22.140.52.224
555,Cortney,Starmer,cstarmerfe@elegantthemes.com,Female,46.74.142.212
556,Waylen,Larkcum,wlarkcumff@illinois.edu,Male,236.201.113.232
557,Stephannie,Mattiuzzi,smattiuzzifg@eventbrite.com,Female,96.122.198.144
558,Scot,Dunlea,sdunleafh@google.es,Male,56.217.16.138
559,Jessamyn,Refford,jreffordfi@mapy.cz,Female,182.67.169.141
560,Darci,Blesing,dblesingfj@squidoo.com,Female,34.198.57.78
561,Georgeanna,Pepon,gpeponfk@google.com.hk,Female,57.109.245.43
562,Ernestus,Pleat,epleatfl@surveymonkey.com,Male,247.172.99.171
563,Orsa,Fillery,ofilleryfm@google.ru,Female,150.214.194.148
564,Brenda,Wherton,bwhertonfn@aol.com,Female,91.34.15.152
565,Erinna,Tulloch,etullochfo@mapy.cz,Female,162.30.57.120
566,Sandye,Stryde,sstrydefp@w3.org,Female,22.129.75.70
567,Dorothee,Edmed,dedmedfq@fastcompany.com,Female,139.246.60.52
568,Tracey,Lilley,tlilleyfr@thetimes.co.uk,Male,179.33.207.13
569,Marijn,Strapp,mstrappfs@mashable.com,Male,167.244.72.235
570,Shandie,Rappoport,srappoportft@ezinearticles.com,Female,235.63.146.146
571,Frances,Denver,fdenverfu@meetup.com,Female,108.167.246.179
572,Merrielle,Jerson,mjersonfv@twitpic.com,Female,203.182.110.93
573,Sibeal,Grogona,sgrogonafw@reuters.com,Female,205.92.78.4
574,Killie,Adlem,kadlemfx@etsy.com,Male,70.85.53.48
575,Aymer,Donaghie,adonaghiefy@msu.edu,Male,190.230.159.222
576,Hester,Brou,hbroufz@creativecommons.org,Female,57.230.39.145
577,Tiena,Haglington,thaglingtong0@nih.gov,Female,92.8.205.53
578,Elladine,Booi,ebooig1@cam.ac.uk,Female,50.79.170.11
579,Phyllida,Skipping,pskippingg2@fc2.com,Female,227.241.232.208
580,Frederico,Mustill,fmustillg3@cbslocal.com,Male,240.153.174.47
581,Jarid,Vallerine,jvallerineg4@ibm.com,Male,195.172.13.247
582,Osbourne,Brou,obroug5@apache.org,Male,151.31.198.82
583,Dru,Prichet,dprichetg6@stumbleupon.com,Male,139.61.87.50
584,Luce,Merritt,lmerrittg7@comcast.net,Female,18.159.216.214
585,Wilma,Cowill,wcowillg8@arizona.edu,Female,6.117.190.224
586,Reeta,Warren,rwarreng9@dell.com,Female,131.69.75.28
587,Tresa,Izkovici,tizkoviciga@fda.gov,Female,56.120.221.49
588,Jacquelyn,Chainey,jchaineygb@berkeley.edu,Female,195.105.74.216
589,Clive,Johns,cjohnsgc@meetup.com,Male,242.24.63.243
590,Diahann,Hurtado,dhurtadogd@desdev.cn,Female,254.77.150.35
591,Colby,Myatt,cmyattge@hexun.com,Male,197.242.134.41
592,Aubry,Neicho,aneichogf@sphinn.com,Female,98.40.182.94
593,Dita,Guiett,dguiettgg@ustream.tv,Female,182.157.107.33
594,Tomaso,Isley,tisleygh@blogger.com,Male,203.230.252.28
595,Wylma,Rickasse,wrickassegi@amazon.co.uk,Female,66.138.58.24
596,Amalia,Wardington,awardingtongj@g.co,Female,162.183.138.190
597,Teddie,Posthill,tposthillgk@com.com,Male,193.128.144.111
598,Randy,Fleming,rfleminggl@eventbrite.com,Female,114.179.34.239
599,Rodi,Beedell,rbeedellgm@fc2.com,Female,84.217.20.171
600,Silas,Nightingale,snightingalegn@zdnet.com,Male,210.187.253.158
601,Yancy,Styant,ystyantgo@myspace.com,Male,101.184.33.102
602,Darcie,Olivey,doliveygp@ucoz.ru,Female,115.85.224.162
603,Norman,Handford,nhandfordgq@cam.ac.uk,Male,172.65.62.232
604,Elisabetta,Pyer,epyergr@newyorker.com,Female,128.244.137.249
605,Dulcinea,Gobell,dgobellgs@boston.com,Female,147.78.159.28
606,Griselda,McLeary,gmclearygt@statcounter.com,Female,17.241.203.199
607,Arliene,Allchorne,aallchornegu@ovh.net,Female,195.231.196.179
608,Bren,Jodlowski,bjodlowskigv@indiatimes.com,Male,208.86.218.246
609,Chic,Endecott,cendecottgw@csmonitor.com,Male,131.194.242.195
610,Lucky,Jewess,ljewessgx@reference.com,Female,98.27.228.35
611,Rakel,Tuffs,rtuffsgy@adobe.com,Female,42.35.186.242
612,Carma,Somerton,csomertongz@theglobeandmail.com,Female,243.44.239.201
613,Davina,Dowsey,ddowseyh0@imageshack.us,Female,82.107.114.50
614,Evania,Attewill,eattewillh1@1688.com,Female,128.159.18.15
615,Raf,Jovicic,rjovicich2@hud.gov,Female,173.102.227.41
616,Warner,Bellhouse,wbellhouseh3@wufoo.com,Male,246.218.218.162
617,Dyna,O'Shields,doshieldsh4@vk.com,Female,227.116.79.169
618,Maryjane,Tubb,mtubbh5@admin.ch,Female,222.139.6.244
619,Willis,Pennetti,wpennettih6@cargocollective.com,Male,134.131.56.17
620,Hildegarde,Chesswas,hchesswash7@cyberchimps.com,Female,217.126.210.193
621,Jase,Arsey,jarseyh8@ovh.net,Male,15.114.96.160
622,Editha,Casarini,ecasarinih9@deliciousdays.com,Female,116.203.81.65
623,Maurise,Kadar,mkadarha@google.co.uk,Female,151.249.162.165
624,Arni,Bonnick,abonnickhb@t.co,Male,53.168.169.211
625,Erroll,Kalisz,ekaliszhc@moonfruit.com,Male,57.125.53.248
626,Gottfried,Barnhart,gbarnharthd@exblog.jp,Male,18.109.9.231
627,Estelle,Giraudoux,egiraudouxhe@springer.com,Female,114.73.64.35
628,Garret,Criple,gcriplehf@technorati.com,Male,94.251.195.169
629,Gertrude,Corryer,gcorryerhg@ca.gov,Female,180.88.225.21
630,Neila,Heilds,nheildshh@unc.edu,Female,93.2.19.251
631,Ally,Treadgold,atreadgoldhi@hostgator.com,Female,254.140.238.131
632,Talia,Thewlis,tthewlishj@yale.edu,Female,61.160.201.166
633,Northrup,Fursey,nfurseyhk@umn.edu,Male,154.243.100.13
634,Bjorn,De Lascy,bdelascyhl@bloglovin.com,Male,206.155.215.222
635,Annemarie,Mahon,amahonhm@mit.edu,Female,201.40.167.14
636,Quent,Defau,qdefauhn@dedecms.com,Male,116.85.186.61
637,Val,Chinery,vchineryho@yale.edu,Male,173.116.190.0
638,Sharron,Tredinnick,stredinnickhp@ucoz.ru,Female,210.136.125.112
639,Florenza,Whittington,fwhittingtonhq@abc.net.au,Female,100.183.48.124
640,Phyllys,Goodge,pgoodgehr@clickbank.net,Female,69.17.244.204
641,Dianna,Duddy,dduddyhs@weebly.com,Female,233.203.251.117
642,Louisette,Spreull,lspreullht@icio.us,Female,227.150.243.135
643,Jemimah,Skillitt,jskillitthu@vkontakte.ru,Female,73.49.95.91
644,Alaster,Nisco,aniscohv@fastcompany.com,Male,140.234.204.93
645,Martha,Sawforde,msawfordehw@google.ru,Female,243.184.208.74
646,Karie,Prahm,kprahmhx@latimes.com,Female,110.85.172.128
647,Melita,Doppler,mdopplerhy@bluehost.com,Female,158.174.31.144
648,Gracie,Sparrowe,gsparrowehz@qq.com,Female,192.240.139.185
649,Stephenie,Gaukrodge,sgaukrodgei0@ifeng.com,Female,200.102.223.237
650,Deck,Padley,dpadleyi1@home.pl,Male,14.240.118.138
651,Raleigh,Bromhead,rbromheadi2@mtv.com,Male,136.24.74.248
652,Loydie,Kellogg,lkelloggi3@sun.com,Male,135.195.100.70
653,Adella,Tuminini,atumininii4@state.gov,Female,31.16.181.199
654,Patricio,Bockings,pbockingsi5@accuweather.com,Male,98.49.30.9
655,Maddy,Wallen,mwalleni6@umn.edu,Female,219.17.92.59
656,Suellen,Kerswill,skerswilli7@dion.ne.jp,Female,38.140.37.129
657,Joey,Linfitt,jlinfitti8@linkedin.com,Male,232.242.223.183
658,Mireille,Henner,mhenneri9@wikimedia.org,Female,104.192.237.192
659,Gill,Tother,gtotheria@columbia.edu,Male,89.80.137.199
660,Benny,MacWhan,bmacwhanib@cnn.com,Male,49.230.228.178
661,Nolie,Bartoszewicz,nbartoszewiczic@mozilla.com,Female,152.216.115.225
662,Renado,Caffrey,rcaffreyid@51.la,Male,180.16.68.46
663,Carly,Mourant,cmourantie@wix.com,Female,13.177.159.126
664,Ailyn,Naper,anaperif@epa.gov,Female,108.72.136.59
665,Julio,Collelton,jcolleltonig@comcast.net,Male,226.58.153.132
666,Janela,Ivison,jivisonih@blogtalkradio.com,Female,243.152.111.218
667,Reginauld,Orange,rorangeii@bandcamp.com,Male,34.27.172.42
668,Belvia,MacWhan,bmacwhanij@arizona.edu,Female,87.45.192.170
669,Harlene,Whiff,hwhiffik@who.int,Female,160.178.111.82
670,Benton,Mesnard,bmesnardil@shop-pro.jp,Male,79.104.78.13
671,Rhianna,Gumby,rgumbyim@mediafire.com,Female,171.221.82.186
672,Adolph,Mayell,amayellin@buzzfeed.com,Male,100.193.221.153
673,Urson,Scipsey,uscipseyio@yandex.ru,Male,78.163.32.119
674,Frederich,Oglethorpe,foglethorpeip@zimbio.com,Male,111.243.133.64
675,Noach,Baine,nbaineiq@wikispaces.com,Male,245.105.14.243
676,Valerie,Renwick,vrenwickir@about.com,Female,23.87.225.110
677,Terry,Cavey,tcaveyis@hhs.gov,Female,185.237.220.123
678,Zach,Redgewell,zredgewellit@wikia.com,Male,83.26.91.246
679,Kennith,McPeck,kmcpeckiu@comsenz.com,Male,63.98.19.53
680,Jourdain,Sessions,jsessionsiv@blogger.com,Male,5.41.225.242
681,Patric,Clinch,pclinchiw@time.com,Male,224.190.205.125
682,Pieter,Kembry,pkembryix@ezinearticles.com,Male,206.243.126.175
683,Maximilian,Dominici,mdominiciiy@ycombinator.com,Male,245.162.119.198
684,Allison,Rosenthaler,arosenthaleriz@gnu.org,Female,235.32.94.236
685,Thatcher,Goodson,tgoodsonj0@scientificamerican.com,Male,148.221.226.177
686,Durante,Milner,dmilnerj1@scribd.com,Male,152.128.211.188
687,Stefan,Faulo,sfauloj2@jalbum.net,Male,127.188.11.137
688,Waneta,Goodger,wgoodgerj3@51.la,Female,138.35.152.231
689,Amabel,Championnet,achampionnetj4@fastcompany.com,Female,14.232.217.199
690,Carol,Bellany,cbellanyj5@time.com,Female,27.106.37.251
691,Eduard,Tritten,etrittenj6@goo.ne.jp,Male,204.240.169.234
692,Franchot,Simounet,fsimounetj7@yahoo.com,Male,237.56.79.206
693,Tremaine,Cockshtt,tcockshttj8@indiatimes.com,Male,175.234.143.3
694,Rosana,Blazejewski,rblazejewskij9@chron.com,Female,186.168.156.134
695,Ewart,Bramelt,ebrameltja@prnewswire.com,Male,72.164.76.114
696,Krystal,Fountain,kfountainjb@statcounter.com,Female,148.100.175.163
697,Valdemar,Laycock,vlaycockjc@phoca.cz,Male,246.36.49.32
698,Meade,Szymoni,mszymonijd@addthis.com,Female,65.106.96.39
699,Natasha,Cristofor,ncristoforje@google.fr,Female,86.74.127.14
700,Linc,Tyer,ltyerjf@home.pl,Male,245.243.154.56
701,Malvina,Mc Grath,mmcgrathjg@amazon.de,Female,108.26.55.182
702,Gregg,Gudd,gguddjh@w3.org,Male,212.178.192.247
703,Hube,Gascoyne,hgascoyneji@homestead.com,Male,226.93.91.116
704,Marius,MacKain,mmackainjj@google.it,Male,174.32.217.95
705,Gaston,Dimitriades,gdimitriadesjk@google.ca,Male,52.79.134.42
706,Martie,Thow,mthowjl@wiley.com,Female,62.222.141.156
707,Kele,Mc Caghan,kmccaghanjm@theatlantic.com,Male,40.168.119.167
708,Valina,Skamell,vskamelljn@ovh.net,Female,81.168.192.20
709,Maison,Cromett,mcromettjo@howstuffworks.com,Male,113.161.154.149
710,Pattin,Prendeguest,pprendeguestjp@tuttocitta.it,Male,111.233.54.79
711,Farrell,Brecknall,fbrecknalljq@sogou.com,Male,196.2.94.193
712,Meris,Harby,mharbyjr@csmonitor.com,Female,42.25.252.112
713,Egon,Pankettman,epankettmanjs@google.fr,Male,206.89.217.118
714,Ewart,Beacham,ebeachamjt@unblog.fr,Male,150.53.209.181
715,Donny,Adhams,dadhamsju@army.mil,Female,251.182.112.254
716,Freddy,Jeafferson,fjeaffersonjv@china.com.cn,Male,216.52.101.203
717,Trumaine,Schuster,tschusterjw@gnu.org,Male,246.250.104.148
718,Bianca,Utridge,butridgejx@sciencedirect.com,Female,60.73.148.155
719,Eleni,Core,ecorejy@chronoengine.com,Female,191.79.52.170
720,Arthur,Stockley,astockleyjz@sun.com,Male,192.182.216.193
721,Tessa,Yaxley,tyaxleyk0@nifty.com,Female,10.133.73.103
722,Lou,Mason,lmasonk1@boston.com,Male,89.98.244.134
723,Sullivan,Tomaino,stomainok2@telegraph.co.uk,Male,52.160.240.251
724,Luz,Lounds,lloundsk3@unblog.fr,Female,67.44.87.241
725,Mirna,Pleace,mpleacek4@chronoengine.com,Female,250.171.244.41
726,Lilllie,Adcocks,ladcocksk5@economist.com,Female,28.251.247.35
727,Marthena,Tipens,mtipensk6@hc360.com,Female,191.140.24.28
728,Farand,Oloshkin,foloshkink7@home.pl,Female,183.128.116.31
729,Ansel,Seignior,aseigniork8@eepurl.com,Male,142.241.82.195
730,Agatha,Pane,apanek9@discovery.com,Female,131.92.77.176
731,Jenny,Headly,jheadlyka@stanford.edu,Female,198.27.214.151
732,Winnah,Donnellan,wdonnellankb@state.gov,Female,188.86.107.123
733,Clark,Torricella,ctorricellakc@bloomberg.com,Male,123.44.56.143
734,Germain,Callaghan,gcallaghankd@java.com,Female,113.194.64.0
735,Angelita,Pendlebery,apendleberyke@census.gov,Female,149.243.39.41
736,Amaleta,Scrimshire,ascrimshirekf@youtube.com,Female,142.119.135.28
737,Dareen,Zanicchi,dzanicchikg@mozilla.com,Female,204.96.102.60
738,Herman,Puttan,hputtankh@google.com.hk,Male,246.100.133.76
739,Monique,Burree,mburreeki@biglobe.ne.jp,Female,215.194.37.64
740,Maureene,Breheny,mbrehenykj@sina.com.cn,Female,192.182.75.88
741,Malachi,Jennings,mjenningskk@illinois.edu,Male,221.187.26.128
742,Hercules,Peerman,hpeermankl@msu.edu,Male,136.252.183.153
743,Fraze,Crockett,fcrockettkm@techcrunch.com,Male,251.22.132.71
744,Corene,Brashier,cbrashierkn@newyorker.com,Female,94.32.152.27
745,Tremayne,Vaz,tvazko@thetimes.co.uk,Male,165.221.121.70
746,Atlanta,Eberz,aeberzkp@webnode.com,Female,206.70.42.227
747,Jarrod,Spellward,jspellwardkq@livejournal.com,Male,35.30.124.161
748,Drucie,Olorenshaw,dolorenshawkr@epa.gov,Female,240.206.207.12
749,Ware,Callcott,wcallcottks@china.com.cn,Male,18.91.129.95
750,Brew,Sarney,bsarneykt@miitbeian.gov.cn,Male,253.136.2.106
751,Fabian,Rosenshine,frosenshineku@tinyurl.com,Male,102.156.193.174
752,Juana,Veryan,jveryankv@storify.com,Female,170.216.93.139
753,Calli,Dyer,cdyerkw@europa.eu,Female,154.28.224.88
754,Kincaid,Doberer,kdobererkx@google.cn,Male,215.96.8.238
755,Fabien,Kniveton,fknivetonky@ovh.net,Male,34.1.121.109
756,Trev,Garter,tgarterkz@patch.com,Male,210.224.103.236
757,Layney,Stebbin,lstebbinl0@goo.ne.jp,Female,31.148.77.228
758,Camila,McCane,cmccanel1@opera.com,Female,142.64.48.195
759,Shanon,Houndson,shoundsonl2@ucoz.com,Female,245.216.165.216
760,Chantal,Touzey,ctouzeyl3@accuweather.com,Female,147.30.65.123
761,Weston,Keinrat,wkeinratl4@google.co.jp,Male,116.101.35.62
762,Maggee,Weatherell,mweatherelll5@economist.com,Female,232.185.95.154
763,Andros,Aspital,aaspitall6@ameblo.jp,Male,217.247.37.177
764,Elbertine,Botwood,ebotwoodl7@bloomberg.com,Female,7.177.9.83
765,Marven,Ardley,mardleyl8@home.pl,Male,179.119.125.135
766,Madeleine,Ashtonhurst,mashtonhurstl9@nationalgeographic.com,Female,22.188.252.195
767,Erin,Burras,eburrasla@nature.com,Male,206.91.188.235
768,Doris,Herley,dherleylb@geocities.com,Female,243.88.63.104
769,Willy,Youell,wyouelllc@answers.com,Male,153.191.212.35
770,Ronica,Kinnon,rkinnonld@github.io,Female,63.43.246.229
771,Abbie,Lamswood,alamswoodle@gravatar.com,Female,52.151.74.1
772,Gregory,Atack,gatacklf@posterous.com,Male,119.100.208.196
773,Reinhold,Baldoni,rbaldonilg@sbwire.com,Male,21.210.77.152
774,Dom,Jantot,djantotlh@chicagotribune.com,Male,136.191.214.187
775,Gaylord,Robilart,grobilartli@webmd.com,Male,76.81.212.0
776,Tresa,Cremen,tcremenlj@shop-pro.jp,Female,129.35.194.8
777,Porty,Schulze,pschulzelk@photobucket.com,Male,39.255.36.251
778,Bob,Sedgwick,bsedgwickll@topsy.com,Male,86.247.53.226
779,Karoly,Jamrowicz,kjamrowiczlm@ucsd.edu,Male,54.120.169.105
780,Flss,Fortun,ffortunln@drupal.org,Female,73.171.65.175
781,Ellswerth,Burges,eburgeslo@elpais.com,Male,10.189.175.159
782,Shoshana,Puttrell,sputtrelllp@stanford.edu,Female,71.5.179.112
783,Carney,Patterson,cpattersonlq@ucoz.ru,Male,55.86.253.204
784,Annabella,Clarridge,aclarridgelr@fotki.com,Female,223.6.241.34
785,Garnette,Shopcott,gshopcottls@squidoo.com,Female,14.132.127.217
786,Benedetta,Regnard,bregnardlt@geocities.jp,Female,7.4.32.45
787,Thorn,Woodward,twoodwardlu@ameblo.jp,Male,118.175.11.220
788,Price,Ferandez,pferandezlv@seesaa.net,Male,152.216.16.140
789,Genevieve,Hachette,ghachettelw@walmart.com,Female,98.80.197.136
790,Antony,Cockarill,acockarilllx@rakuten.co.jp,Male,235.38.185.33
791,Sandra,Tansly,stanslyly@behance.net,Female,184.53.114.180
792,Latia,Christmas,lchristmaslz@examiner.com,Female,134.239.193.27
793,Alana,Margett,amargettm0@guardian.co.uk,Female,117.197.165.18
794,Niki,Edinboro,nedinborom1@wordpress.com,Female,236.28.92.144
795,Orland,Iashvili,oiashvilim2@skyrock.com,Male,20.115.102.163
796,Allistir,Slidders,asliddersm3@buzzfeed.com,Male,38.92.169.68
797,Bartholomeus,Gerred,bgerredm4@google.ca,Male,226.30.86.220
798,Shem,Gavin,sgavinm5@intel.com,Male,240.29.181.187
799,Dari,Casero,dcaserom6@myspace.com,Female,108.189.127.221
800,Maire,Oldacre,moldacrem7@vistaprint.com,Female,94.73.226.122
801,Harp,Iapico,hiapicom8@homestead.com,Male,135.44.203.96
802,Ashli,Eynald,aeynaldm9@washingtonpost.com,Female,220.56.30.187
803,Alick,Velez,avelezma@themeforest.net,Male,242.68.105.67
804,Jon,Geane,jgeanemb@marketwatch.com,Male,120.156.181.121
805,Sara-ann,O'Haire,sohairemc@mysql.com,Female,130.241.130.34
806,Daile,Gummery,dgummerymd@nytimes.com,Female,135.78.107.169
807,Kendell,O'Shirine,koshirineme@drupal.org,Male,56.75.234.30
808,Hagen,Ingre,hingremf@tumblr.com,Male,159.3.234.56
809,Corny,Adney,cadneymg@bizjournals.com,Male,184.164.94.148
810,Elwyn,Mance,emancemh@behance.net,Male,178.93.58.178
811,Minne,Newson,mnewsonmi@amazon.co.jp,Female,121.32.146.20
812,Cassius,Keuntje,ckeuntjemj@linkedin.com,Male,193.85.98.120
813,Sheffy,Mathwin,smathwinmk@moonfruit.com,Male,162.127.65.215
814,Red,Blaber,rblaberml@skyrock.com,Male,253.170.103.101
815,Paula,Imm,pimmmm@ucoz.com,Female,60.182.207.201
816,Sanson,Roundtree,sroundtreemn@wikimedia.org,Male,203.157.102.91
817,Madelene,Boag,mboagmo@digg.com,Female,232.201.12.66
818,Edgard,Blum,eblummp@amazon.co.jp,Male,131.113.173.165
819,Papageno,Howler,phowlermq@umich.edu,Male,12.136.243.89
820,Andre,Rigard,arigardmr@dell.com,Male,227.103.138.165
821,Daniele,Easthope,deasthopems@ycombinator.com,Female,104.89.166.105
822,Carter,Shovelin,cshovelinmt@state.gov,Male,182.26.179.10
823,Danette,Dubois,dduboismu@weebly.com,Female,125.57.197.211
824,Chickie,Izak,cizakmv@jugem.jp,Male,126.52.44.26
825,Francklyn,Hucklesby,fhucklesbymw@rediff.com,Male,223.27.130.232
826,Dinny,Babbe,dbabbemx@indiatimes.com,Female,39.98.64.169
827,Windham,O'Fearguise,wofearguisemy@ted.com,Male,167.78.86.110
828,Dolores,Marsham,dmarshammz@ebay.com,Female,195.124.93.31
829,Rafael,Blazej,rblazejn0@ebay.co.uk,Male,221.231.246.111
830,Truda,MacDuffie,tmacduffien1@i2i.jp,Female,16.229.53.18
831,Germaine,Bondley,gbondleyn2@nytimes.com,Male,155.16.115.182
832,Dolf,Spraggs,dspraggsn3@drupal.org,Male,78.129.53.124
833,Gerhard,Sotworth,gsotworthn4@blogger.com,Male,191.103.195.60
834,Bary,Rushton,brushtonn5@hud.gov,Male,122.221.171.4
835,Delaney,Vigietti,dvigiettin6@goo.ne.jp,Male,140.144.104.81
836,Alonzo,Lawrance,alawrancen7@wiley.com,Male,251.231.11.161
837,Christal,Pieracci,cpieraccin8@google.com.hk,Female,74.25.97.207
838,Kerk,Sowte,ksowten9@foxnews.com,Male,9.123.206.141
839,Ursuline,Grosvenor,ugrosvenorna@geocities.jp,Female,46.86.69.161
840,Neall,Ciotto,nciottonb@ftc.gov,Male,21.183.197.157
841,Myer,Lancastle,mlancastlenc@patch.com,Male,92.94.192.167
842,Zechariah,Cone,zconend@hhs.gov,Male,54.82.116.63
843,Silva,Blinman,sblinmanne@booking.com,Female,31.183.231.53
844,Colver,Trump,ctrumpnf@com.com,Male,54.157.4.106
845,Harri,Delwater,hdelwaterng@elpais.com,Female,173.71.175.125
846,Lari,Vanetti,lvanettinh@usa.gov,Female,143.81.171.200
847,Kristina,Mangeon,kmangeonni@house.gov,Female,150.248.114.1
848,Marwin,Elsegood,melsegoodnj@umich.edu,Male,239.133.233.107
849,Tammara,McPherson,tmcphersonnk@devhub.com,Female,30.203.39.35
850,May,Canto,mcantonl@house.gov,Female,245.80.15.70
851,George,Renton,grentonnm@omniture.com,Female,41.127.254.36
852,Darcy,Greenley,dgreenleynn@nsw.gov.au,Male,70.209.26.220
853,Layney,Mazzey,lmazzeyno@dion.ne.jp,Female,167.200.35.208
854,Virgilio,McNeil,vmcneilnp@flavors.me,Male,77.30.86.75
855,Lenee,Fridlington,lfridlingtonnq@baidu.com,Female,149.104.168.161
856,Ranna,Goodspeed,rgoodspeednr@google.ca,Female,210.27.180.237
857,Gearard,Jozefczak,gjozefczakns@ustream.tv,Male,224.207.196.36
858,Alberik,Sebastian,asebastiannt@booking.com,Male,1.150.155.43
859,Denver,Petzold,dpetzoldnu@icq.com,Male,219.194.232.212
860,Josh,Mariotte,jmariottenv@aboutads.info,Male,244.216.89.30
861,Chloris,Traice,ctraicenw@smh.com.au,Female,233.137.54.133
862,Bart,Pead,bpeadnx@umich.edu,Male,14.25.180.53
863,Carolus,Harden,chardenny@sbwire.com,Male,117.240.98.190
864,Henrieta,Sisselot,hsisselotnz@pinterest.com,Female,59.160.200.227
865,Merridie,Petley,mpetleyo0@goo.gl,Female,139.171.230.74
866,Cinda,Nusche,cnuscheo1@chronoengine.com,Female,197.59.137.33
867,Fritz,Tanser,ftansero2@twitpic.com,Male,19.206.55.191
868,Ransom,Foxten,rfoxteno3@fda.gov,Male,193.76.230.5
869,Ethelbert,Tortoise,etortoiseo4@dell.com,Male,180.127.222.98
870,Bertha,Giacovetti,bgiacovettio5@msn.com,Female,77.233.108.119
871,Stormi,Scottini,sscottinio6@linkedin.com,Female,2.57.1.71
872,Raleigh,Ilyin,rilyino7@yelp.com,Male,112.184.216.218
873,Geri,Cramphorn,gcramphorno8@acquirethisname.com,Male,114.144.82.134
874,Fidelio,Greggor,fgreggoro9@paypal.com,Male,26.215.88.193
875,Erek,Carvill,ecarvilloa@webs.com,Male,64.62.42.100
876,Deb,Gerding,dgerdingob@ed.gov,Female,46.198.172.182
877,Blanch,Granleese,bgranleeseoc@epa.gov,Female,213.192.72.81
878,Alberto,Lauritzen,alauritzenod@zimbio.com,Male,29.146.209.49
879,Cynthy,Clinkard,cclinkardoe@admin.ch,Female,237.251.63.69
880,Deni,Steabler,dsteablerof@mysql.com,Female,219.20.253.203
881,Thedrick,Tiddeman,ttiddemanog@behance.net,Male,94.69.48.3
882,Northrup,Bruff,nbruffoh@wufoo.com,Male,145.43.52.27
883,Corby,Rennick,crennickoi@cafepress.com,Male,99.76.183.17
884,Aguistin,Rijkeseis,arijkeseisoj@hugedomains.com,Male,245.99.132.99
885,Garrott,Sayes,gsayesok@wikipedia.org,Male,82.3.70.217
886,Petr,Thuillier,pthuillierol@about.com,Male,133.243.195.95
887,Richmond,Reedie,rreedieom@blogtalkradio.com,Male,51.192.96.198
888,Tatum,Casswell,tcasswellon@quantcast.com,Female,18.236.152.177
889,Kinna,Muttitt,kmuttittoo@cpanel.net,Female,126.0.16.100
890,Sammie,Dehn,sdehnop@youtube.com,Male,225.73.215.8
891,Hildegarde,Tarpey,htarpeyoq@is.gd,Female,28.15.96.189
892,Salim,Dobsons,sdobsonsor@storify.com,Male,236.67.128.206
893,Wakefield,Iglesias,wiglesiasos@nytimes.com,Male,18.243.17.51
894,Ofelia,Monkleigh,omonkleighot@ucoz.ru,Female,178.77.80.206
895,Valentina,La Croce,vlacroceou@tamu.edu,Female,5.36.235.13
896,Justus,Lantoph,jlantophov@engadget.com,Male,213.36.128.156
897,Karlis,Gregolin,kgregolinow@jugem.jp,Male,106.200.213.174
898,Vinny,Freckingham,vfreckinghamox@hostgator.com,Female,60.173.136.20
899,Fairlie,Hyslop,fhyslopoy@t.co,Male,93.155.35.92
900,Bald,Mayberry,bmayberryoz@cam.ac.uk,Male,9.40.217.36
901,Calv,Caley,ccaleyp0@comsenz.com,Male,120.40.116.212
902,Eldredge,Longhirst,elonghirstp1@phoca.cz,Male,179.101.72.178
903,Eldridge,Stot,estotp2@slate.com,Male,203.56.23.44
904,Rosa,Buckett,rbuckettp3@japanpost.jp,Female,205.222.98.5
905,Magdalen,Betteney,mbetteneyp4@amazon.com,Female,64.186.125.80
906,Lynnelle,Stelle,lstellep5@webs.com,Female,198.190.56.54
907,Bennie,Mallan,bmallanp6@51.la,Male,3.92.174.88
908,Beniamino,Geertsen,bgeertsenp7@chronoengine.com,Male,235.29.70.125
909,Matthias,Turnpenny,mturnpennyp8@google.com.br,Male,118.22.97.136
910,Tiff,Leacy,tleacyp9@sciencedirect.com,Female,74.42.222.84
911,Henryetta,Brettoner,hbrettonerpa@networkadvertising.org,Female,1.39.114.10
912,Ailee,Secretan,asecretanpb@ask.com,Female,189.235.56.4
913,Abramo,Goodall,agoodallpc@google.ru,Male,159.200.3.224
914,Ninon,Swaton,nswatonpd@go.com,Female,118.112.152.26
915,Darren,Banfield,dbanfieldpe@quantcast.com,Male,128.29.247.153
916,Winifred,Blackstone,wblackstonepf@theglobeandmail.com,Female,250.190.197.130
917,Barry,Byres,bbyrespg@a8.net,Male,211.165.191.179
918,Carmelia,Have,chaveph@about.com,Female,206.185.158.161
919,Abbye,Buckett,abuckettpi@taobao.com,Female,92.205.190.27
920,Katalin,Farmar,kfarmarpj@wordpress.org,Female,167.130.155.66
921,Erny,Reuther,ereutherpk@yahoo.com,Male,150.81.15.222
922,Lockwood,Sugars,lsugarspl@printfriendly.com,Male,65.11.192.63
923,Chad,Anmore,canmorepm@cpanel.net,Male,251.162.199.31
924,Alphard,Martin,amartinpn@jiathis.com,Male,68.156.113.215
925,Jeramie,Georgeson,jgeorgesonpo@psu.edu,Male,197.205.242.73
926,Zonda,Grunson,zgrunsonpp@google.ru,Female,85.130.158.183
927,Jill,Matelaitis,jmatelaitispq@amazonaws.com,Female,227.79.163.22
928,Marillin,Adkin,madkinpr@dyndns.org,Female,57.214.204.194
929,Cam,Brimilcombe,cbrimilcombeps@webs.com,Female,79.218.156.98
930,Ancell,Cultcheth,acultchethpt@w3.org,Male,251.141.105.193
931,Lurline,Beefon,lbeefonpu@clickbank.net,Female,47.190.152.57
932,Robbie,Ferrettini,rferrettinipv@fastcompany.com,Male,128.250.83.65
933,Hedwig,Weedall,hweedallpw@bbb.org,Female,153.188.99.223
934,Pedro,Plaice,pplaicepx@vk.com,Male,246.33.210.194
935,Murielle,Lergan,mlerganpy@apache.org,Female,215.206.180.23
936,Reuven,Suddards,rsuddardspz@columbia.edu,Male,126.48.232.168
937,Parker,Moniker,pmonikerq0@eepurl.com,Male,54.56.190.9
938,Viole,Nisco,vniscoq1@gnu.org,Female,151.83.200.50
939,Clemens,Tuckie,ctuckieq2@ca.gov,Male,55.179.86.106
940,Florie,Tunaclift,ftunacliftq3@i2i.jp,Female,60.202.240.204
941,Coral,Fust,cfustq4@xing.com,Female,249.51.78.219
942,Geoffrey,Hamprecht,ghamprechtq5@blogger.com,Male,121.228.119.247
943,Fonzie,Riste,fristeq6@java.com,Male,75.100.249.191
944,Coletta,Strond,cstrondq7@oakley.com,Female,26.220.203.157
945,Aurore,Postill,apostillq8@techcrunch.com,Female,15.140.159.112
946,Dane,Antonucci,dantonucciq9@github.com,Male,211.189.197.180
947,Charity,Linnit,clinnitqa@google.ca,Female,215.188.66.245
948,Georas,Vasyushkhin,gvasyushkhinqb@dailymail.co.uk,Male,147.166.220.243
949,Udell,Stain,ustainqc@mozilla.com,Male,192.151.179.188
950,Sande,Galea,sgaleaqd@howstuffworks.com,Female,98.206.224.245
951,Holmes,Merdew,hmerdewqe@odnoklassniki.ru,Male,19.119.92.197
952,Florri,Keay,fkeayqf@bloglines.com,Female,72.154.219.48
953,Massimiliano,Weld,mweldqg@fc2.com,Male,99.108.107.74
954,Tedie,Kilshall,tkilshallqh@ed.gov,Male,203.98.61.146
955,Albertine,Silbert,asilbertqi@tmall.com,Female,39.44.146.161
956,Lucais,Philpott,lphilpottqj@list-manage.com,Male,117.246.19.200
957,Berti,Kunz,bkunzqk@tamu.edu,Male,141.151.191.25
958,Any,Sommerville,asommervilleql@blogspot.com,Male,189.157.101.246
959,Roxanna,Crome,rcromeqm@mayoclinic.com,Female,15.167.139.91
960,Woody,Zimmermeister,wzimmermeisterqn@rambler.ru,Male,7.105.176.140
961,Gertie,Drysdell,gdrysdellqo@woothemes.com,Female,213.9.198.64
962,Clary,Spaight,cspaightqp@blogspot.com,Female,230.90.128.88
963,Talyah,Hallford,thallfordqq@reuters.com,Female,54.151.47.28
964,Wynn,Mauro,wmauroqr@sciencedaily.com,Male,86.57.80.236
965,Anstice,Slatcher,aslatcherqs@eventbrite.com,Female,221.188.158.206
966,Hugh,Quig,hquigqt@auda.org.au,Male,232.140.108.8
967,Tully,Bernuzzi,tbernuzziqu@nhs.uk,Male,189.213.128.137
968,Devlin,Tanti,dtantiqv@zimbio.com,Male,153.204.108.120
969,Tanny,Dominey,tdomineyqw@gov.uk,Male,85.190.227.33
970,Donna,Ronci,dronciqx@ehow.com,Female,118.6.85.42
971,Nanon,Charlotte,ncharlotteqy@histats.com,Female,131.47.183.85
972,Bidget,Want,bwantqz@123-reg.co.uk,Female,214.89.178.104
973,Evelyn,Warlawe,ewarlawer0@comsenz.com,Female,2.82.178.248
974,Alfi,Bickerstasse,abickerstasser1@bloglines.com,Female,146.97.242.34
975,Bram,Adriaens,badriaensr2@wisc.edu,Male,142.146.90.55
976,Richy,Amthor,ramthorr3@jugem.jp,Male,255.227.60.14
977,Leslie,Trowsdale,ltrowsdaler4@cbc.ca,Male,0.116.104.210
978,Lenard,Kearney,lkearneyr5@sohu.com,Male,116.154.248.125
979,Morgun,Donson,mdonsonr6@privacy.gov.au,Male,84.74.12.54
980,Bertie,Twallin,btwallinr7@creativecommons.org,Male,162.10.15.95
981,Tam,Coucher,tcoucherr8@soup.io,Male,41.236.119.34
982,Kimberley,Simukov,ksimukovr9@cisco.com,Female,151.229.28.58
983,Hazel,Churly,hchurlyra@vistaprint.com,Male,166.28.218.215
984,Andreana,Gerbi,agerbirb@odnoklassniki.ru,Female,29.144.238.242
985,Orelee,Meffen,omeffenrc@virginia.edu,Female,236.65.130.118
986,Lisetta,Antognelli,lantognellird@cafepress.com,Female,230.153.48.29
987,Valentino,Kilfoyle,vkilfoylere@rambler.ru,Male,217.58.85.198
988,Inger,Crossan,icrossanrf@cocolog-nifty.com,Male,203.225.205.217
989,Monica,McMonnies,mmcmonniesrg@nbcnews.com,Female,69.196.145.74
990,Flemming,Trobridge,ftrobridgerh@wp.com,Male,56.95.151.210
991,Jobina,Bayfield,jbayfieldri@webnode.com,Female,246.39.146.3
992,Roley,Okroy,rokroyrj@mit.edu,Male,163.122.246.233
993,Minor,Bolesworth,mbolesworthrk@goo.ne.jp,Male,196.209.131.168
994,Ardeen,Jellybrand,ajellybrandrl@tripadvisor.com,Female,73.244.26.93
995,Eveleen,Castelli,ecastellirm@pcworld.com,Female,53.151.73.12
996,Antonella,O'Carran,aocarranrn@goodreads.com,Female,222.128.97.218
997,Virge,Geary,vgearyro@chron.com,Male,39.224.153.72
998,Gustave,Vernham,gvernhamrp@earthlink.net,Male,5.198.223.149
999,Joice,Wearne,jwearnerq@wufoo.com,Female,101.118.48.32
1000,Rooney,Castellaccio,rcastellacciorr@nyu.edu,Male,113.81.181.76
